invocation_index,pass_index,query_index,asset_id,status,duration_ns,score,failure_category,failure_exception_type
0,0,0,synthetic/query/000,success,3705963107,0.04563022404909134,,
1,0,1,synthetic/query/001,success,3530472762,0.04630249738693237,,
2,0,2,synthetic/query/002,success,2856640009,0.049615152180194855,,
3,0,3,synthetic/query/003,success,2970806641,0.0498291440308094,,
4,0,4,synthetic/query/004,success,3513582215,0.04466310143470764,,
5,0,5,synthetic/query/005,success,2808273935,0.05033985897898674,,
6,0,6,synthetic/query/006,success,2468139442,0.04234672337770462,,
7,0,7,synthetic/query/007,success,3411347417,0.04645366594195366,,
8,0,8,synthetic/query/008,success,2482951269,0.04377865791320801,,
9,0,9,synthetic/query/009,success,2622597271,0.04290775582194328,,
10,0,10,synthetic/query/010,success,2682618517,0.050016433000564575,,
11,0,11,synthetic/query/011,success,2512738851,0.04032260924577713,,
12,0,12,synthetic/query/012,success,2433290218,0.06431049853563309,,
13,0,13,synthetic/query/013,success,2698297221,0.03979041054844856,,
14,0,14,synthetic/query/014,success,2958388169,0.06260265409946442,,
15,0,15,synthetic/query/015,success,2447303946,0.07801494747400284,,
16,0,16,synthetic/query/016,success,2465461004,0.04516840726137161,,
17,0,17,synthetic/query/017,success,2485435155,0.04420027136802673,,
18,0,18,synthetic/query/018,success,2302790776,0.04007389023900032,,
19,0,19,synthetic/query/019,success,2281222753,0.045440882444381714,,
20,0,20,synthetic/query/020,success,2186458556,0.05141977593302727,,
21,0,21,synthetic/query/021,success,2227822582,0.037202704697847366,,
22,0,22,synthetic/query/022,success,2241383547,0.046642888337373734,,
23,0,23,synthetic/query/023,success,2373387230,0.05476828292012215,,
24,0,24,synthetic/query/024,success,2748971941,0.040813010185956955,,
25,0,25,synthetic/query/025,success,2296575237,0.0392955057322979,,
26,0,26,synthetic/query/026,success,2274467732,0.04803352802991867,,
27,0,27,synthetic/query/027,success,2663881741,0.05518406629562378,,
28,0,28,synthetic/query/028,success,2911193513,0.049858491867780685,,
29,0,29,synthetic/query/029,success,3476737728,0.049298178404569626,,
30,0,30,synthetic/query/030,success,2873454625,0.04603433609008789,,
31,0,31,synthetic/query/031,success,2574023129,0.04248649999499321,,
32,0,32,synthetic/query/032,success,2827141219,0.05431527644395828,,
33,0,33,synthetic/query/033,success,2607627011,0.03869582340121269,,
34,0,34,synthetic/query/034,success,2398321420,0.07321518659591675,,
35,0,35,synthetic/query/035,success,2568611586,0.04275467246770859,,
36,0,36,synthetic/query/036,success,2620037959,0.042938970029354095,,
37,0,37,synthetic/query/037,success,2838952989,0.04425101727247238,,
38,0,38,synthetic/query/038,success,3017188366,0.05236344784498215,,
39,0,39,synthetic/query/039,success,2989377856,0.04419035464525223,,
40,0,40,synthetic/query/040,success,2786779667,0.04916311055421829,,
41,0,41,synthetic/query/041,success,3383722726,0.04712485522031784,,
42,0,42,synthetic/query/042,success,2970110220,0.044410593807697296,,
43,0,43,synthetic/query/043,success,3464900086,0.04818791151046753,,
44,0,44,synthetic/query/044,success,3955066375,0.055861104279756546,,
45,0,45,synthetic/query/045,success,2395348222,0.048003874719142914,,
46,0,46,synthetic/query/046,success,2835255758,0.04496413469314575,,
47,0,47,synthetic/query/047,success,2659290450,0.0508146658539772,,
48,0,48,synthetic/query/048,success,2888714329,0.04005836322903633,,
49,0,49,synthetic/query/049,success,2521803536,0.04364269971847534,,
50,0,50,synthetic/query/050,success,2655660451,0.0448397621512413,,
51,0,51,synthetic/query/051,success,2709732409,0.04583091661334038,,
52,0,52,synthetic/query/052,success,3259816112,0.05355796217918396,,
53,0,53,synthetic/query/053,success,3263529535,0.04878581315279007,,
54,0,54,synthetic/query/054,success,2931188619,0.0490897074341774,,
55,0,55,synthetic/query/055,success,3055089197,0.03836669772863388,,
56,0,56,synthetic/query/056,success,3182431476,0.04631660506129265,,
57,0,57,synthetic/query/057,success,2956514194,0.04396568983793259,,
58,0,58,synthetic/query/058,success,2848242124,0.045877743512392044,,
59,0,59,synthetic/query/059,success,3980472811,0.046317942440509796,,
60,0,60,synthetic/query/060,success,4399923312,0.057908035814762115,,
61,0,61,synthetic/query/061,success,4240373389,0.042502351105213165,,
62,0,62,synthetic/query/062,success,4607626172,0.04850902408361435,,
63,0,63,synthetic/query/063,success,4552276347,0.05808837339282036,,
64,0,64,synthetic/query/064,success,5398625125,0.048159144818782806,,
65,0,65,synthetic/query/065,success,3934069928,0.050640035420656204,,
66,0,66,synthetic/query/066,success,3284992708,0.047288279980421066,,
67,0,67,synthetic/query/067,success,2584501342,0.04339323192834854,,
68,0,68,synthetic/query/068,success,3515408708,0.046437203884124756,,
69,0,69,synthetic/query/069,success,2937805820,0.04724885895848274,,
70,0,70,synthetic/query/070,success,2832458026,0.04362671449780464,,
71,0,71,synthetic/query/071,success,3851719339,0.04581139609217644,,
72,0,72,synthetic/query/072,success,3636936564,0.04156184196472168,,
73,0,73,synthetic/query/073,success,2529535914,0.04964014142751694,,
74,0,74,synthetic/query/074,success,2595398383,0.049927253276109695,,
75,0,75,synthetic/query/075,success,2465770864,0.04491996020078659,,
76,0,76,synthetic/query/076,success,2704599791,0.05217578262090683,,
77,0,77,synthetic/query/077,success,3317467898,0.047051556408405304,,
78,0,78,synthetic/query/078,success,3472997746,0.047405075281858444,,
79,0,79,synthetic/query/079,success,2936932379,0.03627398610115051,,
80,0,80,synthetic/query/080,success,2919258676,0.049604933708906174,,
81,0,81,synthetic/query/081,success,2856848182,0.04342333599925041,,
82,0,82,synthetic/query/082,success,2560719478,0.04447992518544197,,
83,0,83,synthetic/query/083,success,2506575659,0.05129095911979675,,
84,0,84,synthetic/query/084,success,3157016763,0.03946333006024361,,
85,0,85,synthetic/query/085,success,3229575758,0.03787878900766373,,
86,0,86,synthetic/query/086,success,2536404095,0.049794651567935944,,
87,0,87,synthetic/query/087,success,2760455962,0.0441737174987793,,
88,0,88,synthetic/query/088,success,2833248032,0.0521601140499115,,
89,0,89,synthetic/query/089,success,2470673461,0.046683650463819504,,
90,0,90,synthetic/query/090,success,2890367475,0.05058544874191284,,
91,0,91,synthetic/query/091,success,3084097923,0.050922103226184845,,
92,0,92,synthetic/query/092,success,3193068247,0.05282851308584213,,
93,0,93,synthetic/query/093,success,2976457235,0.04448831081390381,,
94,0,94,synthetic/query/094,success,2869154350,0.04207940772175789,,
95,0,95,synthetic/query/095,success,2863972767,0.055892907083034515,,
96,0,96,synthetic/query/096,success,2887780327,0.03994068503379822,,
97,0,97,synthetic/query/097,success,3125036111,0.043596528470516205,,
98,0,98,synthetic/query/098,success,3503680023,0.04820782691240311,,
99,0,99,synthetic/query/099,success,3650561698,0.05259469151496887,,
100,1,0,synthetic/query/000,success,3350649105,0.04563022404909134,,
101,1,1,synthetic/query/001,success,2697917100,0.04630249738693237,,
102,1,2,synthetic/query/002,success,3299851276,0.049615152180194855,,
103,1,3,synthetic/query/003,success,3377653268,0.0498291440308094,,
104,1,4,synthetic/query/004,success,3058977828,0.04466310143470764,,
105,1,5,synthetic/query/005,success,3724171676,0.05033985897898674,,
106,1,6,synthetic/query/006,success,2447997625,0.04234672337770462,,
107,1,7,synthetic/query/007,success,2758336645,0.04645366594195366,,
108,1,8,synthetic/query/008,success,2587452629,0.04377865791320801,,
109,1,9,synthetic/query/009,success,2272895650,0.04290775582194328,,
110,1,10,synthetic/query/010,success,2072717640,0.050016433000564575,,
111,1,11,synthetic/query/011,success,2381656526,0.04032260924577713,,
112,1,12,synthetic/query/012,success,2133346707,0.06431049853563309,,
113,1,13,synthetic/query/013,success,2082814305,0.03979041054844856,,
114,1,14,synthetic/query/014,success,2178504413,0.06260265409946442,,
115,1,15,synthetic/query/015,success,1989735665,0.07801494747400284,,
116,1,16,synthetic/query/016,success,2050690335,0.04516840726137161,,
117,1,17,synthetic/query/017,success,2232802144,0.04420027136802673,,
118,1,18,synthetic/query/018,success,2360703583,0.04007389023900032,,
119,1,19,synthetic/query/019,success,2134140221,0.045440882444381714,,
120,1,20,synthetic/query/020,success,2086336193,0.05141977593302727,,
121,1,21,synthetic/query/021,success,2438861265,0.037202704697847366,,
122,1,22,synthetic/query/022,success,2193102842,0.046642888337373734,,
123,1,23,synthetic/query/023,success,2185459583,0.05476828292012215,,
124,1,24,synthetic/query/024,success,2286279351,0.040813010185956955,,
125,1,25,synthetic/query/025,success,2301662016,0.0392955057322979,,
126,1,26,synthetic/query/026,success,2181391412,0.04803352802991867,,
127,1,27,synthetic/query/027,success,2331205842,0.05518406629562378,,
128,1,28,synthetic/query/028,success,2274587887,0.049858491867780685,,
129,1,29,synthetic/query/029,success,2177354043,0.049298178404569626,,
130,1,30,synthetic/query/030,success,2666254196,0.04603433609008789,,
131,1,31,synthetic/query/031,success,2625788977,0.04248649999499321,,
132,1,32,synthetic/query/032,success,2484763909,0.05431527644395828,,
133,1,33,synthetic/query/033,success,2583890870,0.03869582340121269,,
134,1,34,synthetic/query/034,success,2479507472,0.07321518659591675,,
135,1,35,synthetic/query/035,success,2462852537,0.04275467246770859,,
136,1,36,synthetic/query/036,success,2542958540,0.042938970029354095,,
137,1,37,synthetic/query/037,success,2330104582,0.04425101727247238,,
138,1,38,synthetic/query/038,success,2823645472,0.05236344784498215,,
139,1,39,synthetic/query/039,success,2448783789,0.04419035464525223,,
140,1,40,synthetic/query/040,success,2685433129,0.04916311055421829,,
141,1,41,synthetic/query/041,success,2612276678,0.04712485522031784,,
142,1,42,synthetic/query/042,success,2863431215,0.044410593807697296,,
143,1,43,synthetic/query/043,success,2807323814,0.04818791151046753,,
144,1,44,synthetic/query/044,success,2485151377,0.055861104279756546,,
145,1,45,synthetic/query/045,success,2482926618,0.048003874719142914,,
146,1,46,synthetic/query/046,success,2403433962,0.04496413469314575,,
147,1,47,synthetic/query/047,success,2300042640,0.0508146658539772,,
148,1,48,synthetic/query/048,success,2479497077,0.04005836322903633,,
149,1,49,synthetic/query/049,success,2386924223,0.04364269971847534,,
150,1,50,synthetic/query/050,success,2443074039,0.0448397621512413,,
151,1,51,synthetic/query/051,success,2437318482,0.04583091661334038,,
152,1,52,synthetic/query/052,success,2100399256,0.05355796217918396,,
153,1,53,synthetic/query/053,success,2338378643,0.04878581315279007,,
154,1,54,synthetic/query/054,success,2292403696,0.0490897074341774,,
155,1,55,synthetic/query/055,success,2418222843,0.03836669772863388,,
156,1,56,synthetic/query/056,success,2230752822,0.04631660506129265,,
157,1,57,synthetic/query/057,success,2146104485,0.04396568983793259,,
158,1,58,synthetic/query/058,success,2437439384,0.045877743512392044,,
159,1,59,synthetic/query/059,success,2321598476,0.046317942440509796,,
160,1,60,synthetic/query/060,success,2003825165,0.057908035814762115,,
161,1,61,synthetic/query/061,success,2157670434,0.042502351105213165,,
162,1,62,synthetic/query/062,success,2662790616,0.04850902408361435,,
163,1,63,synthetic/query/063,success,2317648764,0.05808837339282036,,
164,1,64,synthetic/query/064,success,2016810695,0.048159144818782806,,
165,1,65,synthetic/query/065,success,1970810083,0.050640035420656204,,
166,1,66,synthetic/query/066,success,2225230479,0.047288279980421066,,
167,1,67,synthetic/query/067,success,2098073267,0.04339323192834854,,
168,1,68,synthetic/query/068,success,2090937648,0.046437203884124756,,
169,1,69,synthetic/query/069,success,2059525702,0.04724885895848274,,
170,1,70,synthetic/query/070,success,2134718215,0.04362671449780464,,
171,1,71,synthetic/query/071,success,2142080325,0.04581139609217644,,
172,1,72,synthetic/query/072,success,2350448488,0.04156184196472168,,
173,1,73,synthetic/query/073,success,2113796040,0.04964014142751694,,
174,1,74,synthetic/query/074,success,2214249065,0.049927253276109695,,
175,1,75,synthetic/query/075,success,2172191613,0.04491996020078659,,
176,1,76,synthetic/query/076,success,2391291182,0.05217578262090683,,
177,1,77,synthetic/query/077,success,2994573674,0.047051556408405304,,
178,1,78,synthetic/query/078,success,3091703230,0.047405075281858444,,
179,1,79,synthetic/query/079,success,2588474245,0.03627398610115051,,
180,1,80,synthetic/query/080,success,3209654478,0.049604933708906174,,
181,1,81,synthetic/query/081,success,3625274025,0.04342333599925041,,
182,1,82,synthetic/query/082,success,3008998282,0.04447992518544197,,
183,1,83,synthetic/query/083,success,3544966251,0.05129095911979675,,
184,1,84,synthetic/query/084,success,3168811013,0.03946333006024361,,
185,1,85,synthetic/query/085,success,3282574091,0.03787878900766373,,
186,1,86,synthetic/query/086,success,4269550725,0.049794651567935944,,
187,1,87,synthetic/query/087,success,3056488403,0.0441737174987793,,
188,1,88,synthetic/query/088,success,2422279887,0.0521601140499115,,
189,1,89,synthetic/query/089,success,2835653304,0.046683650463819504,,
190,1,90,synthetic/query/090,success,2409180873,0.05058544874191284,,
191,1,91,synthetic/query/091,success,2550536623,0.050922103226184845,,
192,1,92,synthetic/query/092,success,2156147103,0.05282851308584213,,
193,1,93,synthetic/query/093,success,2184295508,0.04448831081390381,,
194,1,94,synthetic/query/094,success,1986253170,0.04207940772175789,,
195,1,95,synthetic/query/095,success,2067258689,0.055892907083034515,,
196,1,96,synthetic/query/096,success,2146402499,0.03994068503379822,,
197,1,97,synthetic/query/097,success,2225020143,0.043596528470516205,,
198,1,98,synthetic/query/098,success,2380901207,0.04820782691240311,,
199,1,99,synthetic/query/099,success,2481117413,0.05259469151496887,,
200,2,0,synthetic/query/000,success,2329806222,0.04563022404909134,,
201,2,1,synthetic/query/001,success,2055957499,0.04630249738693237,,
202,2,2,synthetic/query/002,success,2187926071,0.049615152180194855,,
203,2,3,synthetic/query/003,success,2462199064,0.0498291440308094,,
204,2,4,synthetic/query/004,success,2443230283,0.04466310143470764,,
205,2,5,synthetic/query/005,success,2226122875,0.05033985897898674,,
206,2,6,synthetic/query/006,success,2008777283,0.04234672337770462,,
207,2,7,synthetic/query/007,success,2100186179,0.04645366594195366,,
208,2,8,synthetic/query/008,success,2039293492,0.04377865791320801,,
209,2,9,synthetic/query/009,success,1959442184,0.04290775582194328,,
210,2,10,synthetic/query/010,success,2347119494,0.050016433000564575,,
211,2,11,synthetic/query/011,success,2128604975,0.04032260924577713,,
212,2,12,synthetic/query/012,success,2018979119,0.06431049853563309,,
213,2,13,synthetic/query/013,success,1917453353,0.03979041054844856,,
214,2,14,synthetic/query/014,success,2044497929,0.06260265409946442,,
215,2,15,synthetic/query/015,success,2091803769,0.07801494747400284,,
216,2,16,synthetic/query/016,success,1977698781,0.04516840726137161,,
217,2,17,synthetic/query/017,success,1876887136,0.04420027136802673,,
218,2,18,synthetic/query/018,success,1997110484,0.04007389023900032,,
219,2,19,synthetic/query/019,success,2691744416,0.045440882444381714,,
220,2,20,synthetic/query/020,success,2058101776,0.05141977593302727,,
221,2,21,synthetic/query/021,success,2306673334,0.037202704697847366,,
222,2,22,synthetic/query/022,success,2783690598,0.046642888337373734,,
223,2,23,synthetic/query/023,success,2120587968,0.05476828292012215,,
224,2,24,synthetic/query/024,success,2283989429,0.040813010185956955,,
225,2,25,synthetic/query/025,success,2314459356,0.0392955057322979,,
226,2,26,synthetic/query/026,success,3032593697,0.04803352802991867,,
227,2,27,synthetic/query/027,success,2177531687,0.05518406629562378,,
228,2,28,synthetic/query/028,success,2251337365,0.049858491867780685,,
229,2,29,synthetic/query/029,success,4276530972,0.049298178404569626,,
230,2,30,synthetic/query/030,success,2485801891,0.04603433609008789,,
231,2,31,synthetic/query/031,success,2868845497,0.04248649999499321,,
232,2,32,synthetic/query/032,success,2486346083,0.05431527644395828,,
233,2,33,synthetic/query/033,success,2484656554,0.03869582340121269,,
234,2,34,synthetic/query/034,success,2610396123,0.07321518659591675,,
235,2,35,synthetic/query/035,success,2353413935,0.04275467246770859,,
236,2,36,synthetic/query/036,success,2385535298,0.042938970029354095,,
237,2,37,synthetic/query/037,success,2430556963,0.04425101727247238,,
238,2,38,synthetic/query/038,success,2470713765,0.05236344784498215,,
239,2,39,synthetic/query/039,success,3279261055,0.04419035464525223,,
240,2,40,synthetic/query/040,success,2563533114,0.04916311055421829,,
241,2,41,synthetic/query/041,success,2463279796,0.04712485522031784,,
242,2,42,synthetic/query/042,success,2908488060,0.044410593807697296,,
243,2,43,synthetic/query/043,success,2978446793,0.04818791151046753,,
244,2,44,synthetic/query/044,success,2412064803,0.055861104279756546,,
245,2,45,synthetic/query/045,success,2403465242,0.048003874719142914,,
246,2,46,synthetic/query/046,success,2401222555,0.04496413469314575,,
247,2,47,synthetic/query/047,success,2277817814,0.0508146658539772,,
248,2,48,synthetic/query/048,success,2450395530,0.04005836322903633,,
249,2,49,synthetic/query/049,success,2676759140,0.04364269971847534,,
250,2,50,synthetic/query/050,success,2347552105,0.0448397621512413,,
251,2,51,synthetic/query/051,success,2767754433,0.04583091661334038,,
252,2,52,synthetic/query/052,success,2483332809,0.05355796217918396,,
253,2,53,synthetic/query/053,success,2656332048,0.04878581315279007,,
254,2,54,synthetic/query/054,success,2406579209,0.0490897074341774,,
255,2,55,synthetic/query/055,success,2609328244,0.03836669772863388,,
256,2,56,synthetic/query/056,success,2514371150,0.04631660506129265,,
257,2,57,synthetic/query/057,success,2350890523,0.04396568983793259,,
258,2,58,synthetic/query/058,success,2367478131,0.045877743512392044,,
259,2,59,synthetic/query/059,success,2702486272,0.046317942440509796,,
260,2,60,synthetic/query/060,success,2534345983,0.057908035814762115,,
261,2,61,synthetic/query/061,success,2304917133,0.042502351105213165,,
262,2,62,synthetic/query/062,success,2656670111,0.04850902408361435,,
263,2,63,synthetic/query/063,success,2492500084,0.05808837339282036,,
264,2,64,synthetic/query/064,success,2424249945,0.048159144818782806,,
265,2,65,synthetic/query/065,success,2444845573,0.050640035420656204,,
266,2,66,synthetic/query/066,success,2393329614,0.047288279980421066,,
267,2,67,synthetic/query/067,success,2398435762,0.04339323192834854,,
268,2,68,synthetic/query/068,success,2619903099,0.046437203884124756,,
269,2,69,synthetic/query/069,success,2298540252,0.04724885895848274,,
270,2,70,synthetic/query/070,success,2411971314,0.04362671449780464,,
271,2,71,synthetic/query/071,success,2577416964,0.04581139609217644,,
272,2,72,synthetic/query/072,success,2357455294,0.04156184196472168,,
273,2,73,synthetic/query/073,success,2986114542,0.04964014142751694,,
274,2,74,synthetic/query/074,success,2783519504,0.049927253276109695,,
275,2,75,synthetic/query/075,success,2696647147,0.04491996020078659,,
276,2,76,synthetic/query/076,success,2630829610,0.05217578262090683,,
277,2,77,synthetic/query/077,success,3377903639,0.047051556408405304,,
278,2,78,synthetic/query/078,success,3265539501,0.047405075281858444,,
279,2,79,synthetic/query/079,success,3214975747,0.03627398610115051,,
280,2,80,synthetic/query/080,success,2760000328,0.049604933708906174,,
281,2,81,synthetic/query/081,success,2548197835,0.04342333599925041,,
282,2,82,synthetic/query/082,success,2554734922,0.04447992518544197,,
283,2,83,synthetic/query/083,success,2551026630,0.05129095911979675,,
284,2,84,synthetic/query/084,success,2691448029,0.03946333006024361,,
285,2,85,synthetic/query/085,success,2512818292,0.03787878900766373,,
286,2,86,synthetic/query/086,success,2497965458,0.049794651567935944,,
287,2,87,synthetic/query/087,success,2378024265,0.0441737174987793,,
288,2,88,synthetic/query/088,success,2213568027,0.0521601140499115,,
289,2,89,synthetic/query/089,success,2413484498,0.046683650463819504,,
290,2,90,synthetic/query/090,success,2939342461,0.05058544874191284,,
291,2,91,synthetic/query/091,success,2457515985,0.050922103226184845,,
292,2,92,synthetic/query/092,success,2241285585,0.05282851308584213,,
293,2,93,synthetic/query/093,success,2188584220,0.04448831081390381,,
294,2,94,synthetic/query/094,success,2246075475,0.04207940772175789,,
295,2,95,synthetic/query/095,success,2290691430,0.055892907083034515,,
296,2,96,synthetic/query/096,success,2439227435,0.03994068503379822,,
297,2,97,synthetic/query/097,success,2647181390,0.043596528470516205,,
298,2,98,synthetic/query/098,success,2909388280,0.04820782691240311,,
299,2,99,synthetic/query/099,success,2795909400,0.05259469151496887,,
