contract_version,diagnostic_id,selection_rank,selection_sha256,relative_path,byte_count,sha256
diagnostic-artifacts/v0.3,v0.3.0-pcb2-development-diagnostic-1,1,005c964c73458e1f42eeb4add98fc341ba58bb8f3b18b98227c0484e2923d276,pcb2/Data/Images/Normal/0632.JPG,246428,0e5fb0ad9534b8e3fe67d68464f519d7ad8176874e63185f1136b29945314a17
diagnostic-artifacts/v0.3,v0.3.0-pcb2-development-diagnostic-1,2,00a699cc86096d1df214dfda2ef2d3d37ae576cb92bf55a3871813e4f0123091,pcb2/Data/Images/Normal/0699.JPG,234912,0241c591669dd0e80a3c84adcb5947e5a3a8402146207d90dde66d71038a43cb
diagnostic-artifacts/v0.3,v0.3.0-pcb2-development-diagnostic-1,3,00c195bbfc9b2c6fae65ebd716bd2c468330c9d32caee9cb8aaf4123f2add2fd,pcb2/Data/Images/Normal/0235.JPG,269738,48797429f3fe7dd67afbda08e122a2bb303c56bbce331a62025bcb8a308216df
diagnostic-artifacts/v0.3,v0.3.0-pcb2-development-diagnostic-1,4,00f15f7eea5c1126612a2aa8e68954c2ef60974f5827fc827a26fd38b92aa2de,pcb2/Data/Images/Normal/0748.JPG,215377,1aa144770eb7ec74bbdfa96b77e7e3746746260c669b1c063162c76c48c7ca75
diagnostic-artifacts/v0.3,v0.3.0-pcb2-development-diagnostic-1,5,01183a67ab7b94ec01be65de411f3830a832fc76e4fea5201b342f0af9e980e3,pcb2/Data/Images/Normal/0540.JPG,247348,d82e283d61ba710b789340298aec2abde1a0b8f40e31fc96a1a3769dcd43d83a
diagnostic-artifacts/v0.3,v0.3.0-pcb2-development-diagnostic-1,6,014985061d4c33616365a82d5540df53a755a3a22f86502b1fb120fff8d159c3,pcb2/Data/Images/Normal/0626.JPG,205436,234b4b3ce5a61afebfb4af27009924196bb2e3a9fd83e82e0a2fc47e55b661ef
diagnostic-artifacts/v0.3,v0.3.0-pcb2-development-diagnostic-1,7,01af892c06bccf81bf48fd65debbc294ec02e83be24c0a0ee09c4d8a2be993f7,pcb2/Data/Images/Normal/0575.JPG,246031,dbc1388f8eb1d4d942a89c1134bfe4ba03c50230ba6d0ac5ce40bcd992824c77
diagnostic-artifacts/v0.3,v0.3.0-pcb2-development-diagnostic-1,8,01cfcc1b533e6ad71f4bce6fb98b1100e53960bdb9c3d34ccbdd18828b408e3a,pcb2/Data/Images/Normal/0625.JPG,239491,0508af287ed21b43758d12a1b51e6d3420939c56862df7177d9b280bef86b717
diagnostic-artifacts/v0.3,v0.3.0-pcb2-development-diagnostic-1,9,027df3f2dcd97d26a947a892d2253d024de98885eea396e41b084399aa2304e7,pcb2/Data/Images/Normal/0771.JPG,204680,9cb224e5ee71d0f8d279e3b0093b034c3510a85ad2170d1a16690e2ab1bd3856
diagnostic-artifacts/v0.3,v0.3.0-pcb2-development-diagnostic-1,10,027fee11e2cb6895f84f6ba851cac26a43e6516233e93bb5c51b094d8e38a8c6,pcb2/Data/Images/Normal/0385.JPG,236560,9f044a40b5b02c2d5be033cc8195a9ac71e5713845bc8d50cb8f235fd6073715
diagnostic-artifacts/v0.3,v0.3.0-pcb2-development-diagnostic-1,11,03013bea193fdb46551a2e651a8e79c9e95a69d3f8a7d19dc503919fc951b6d8,pcb2/Data/Images/Normal/0436.JPG,221472,51bceab335dabd86991b80ab3c55ec68bece078f2f764025234b9939502930dc
diagnostic-artifacts/v0.3,v0.3.0-pcb2-development-diagnostic-1,12,0332676ade67178e0c248d5e31e07ba7415afc2e294aa97bb400862f73195205,pcb2/Data/Images/Normal/0007.JPG,253300,10867ebf21b0c07e0bc1c918105fc3cc652f47263284314411316af483476d2f
diagnostic-artifacts/v0.3,v0.3.0-pcb2-development-diagnostic-1,13,0415a08b648b2d393a73ca8c9fe38e4ea50c81117cd7f8ff132a328536ce7c21,pcb2/Data/Images/Normal/0198.JPG,257723,33437c2ed443484cc342e125c3f5cc102bc611af86ea6829a3f727171f47c340
diagnostic-artifacts/v0.3,v0.3.0-pcb2-development-diagnostic-1,14,043dd5315cfc3a2c627aa692960ca835ba1d37d621c6b290de9cf404b6f22201,pcb2/Data/Images/Normal/0763.JPG,237312,0e10c8f2ad1ed73dea7d3b525d06e3da2ab7d211842ce0139621bad37ab8f8c1
diagnostic-artifacts/v0.3,v0.3.0-pcb2-development-diagnostic-1,15,048163c38a86d1402978e89744bba3365c738bc821699fad96af0d98c925b573,pcb2/Data/Images/Normal/0282.JPG,230189,90d33ee2e9a799a84e4a055819667515caaf91ff173225fd92683f9df6d18286
diagnostic-artifacts/v0.3,v0.3.0-pcb2-development-diagnostic-1,16,04b217b04368fba0e3e938284f5add0e9618dca76d1136ea7d1fc2b28eb6741c,pcb2/Data/Images/Normal/0289.JPG,251322,530cb31c98e7dc29e2d618490aee87b14dda1af7dc5601ce164404ef30fc5dca
diagnostic-artifacts/v0.3,v0.3.0-pcb2-development-diagnostic-1,17,04d6bbe3a7b5aaec8cc887db428287a7353d2d77f2431f858f5ba6a6a7295d64,pcb2/Data/Images/Normal/0332.JPG,239140,edbc77f387e7f63ede927fb3f20d3e4d1ed6edc526a504421adcee3eadf66230
diagnostic-artifacts/v0.3,v0.3.0-pcb2-development-diagnostic-1,18,04eef46f528ccea9749df5212edd5334e4ac4f18dbdaad826f59f2ac38d9a5ae,pcb2/Data/Images/Normal/0299.JPG,244936,7231550d85c2703c13b184fc1ba28ff91a295901dcfee27e35dafd2d90ee5e75
diagnostic-artifacts/v0.3,v0.3.0-pcb2-development-diagnostic-1,19,0630ad9c265d92d5741900722f7327590f3e2bdd6279d1ad1464972019c610d9,pcb2/Data/Images/Normal/0596.JPG,257929,56251c6d33c8ef7e17630e558a6d81e832ea23c03b89a5adb482e01941918760
diagnostic-artifacts/v0.3,v0.3.0-pcb2-development-diagnostic-1,20,064294939558b7e2d8cdb93e70b46805210bd349fa206a6b7c90851954f56951,pcb2/Data/Images/Normal/0914.JPG,254294,f1a59a2162457195e94f1c233c4615652761a985337efceca2e5b3e9b085a218
diagnostic-artifacts/v0.3,v0.3.0-pcb2-development-diagnostic-1,21,0659fca6973a5a91dc519a039ebd362cf17ef8b5ecd166f15d38f3d9425fda9e,pcb2/Data/Images/Normal/0352.JPG,242426,7278d4bee7ef009c379b99b6595e65309bddd86ba2ed4164396e0d74ca7fccab
diagnostic-artifacts/v0.3,v0.3.0-pcb2-development-diagnostic-1,22,0692b7a3c3f642a5d2191298cac299c281f23dc675b3f59c5bf4e5f0c1a8edb0,pcb2/Data/Images/Normal/0023.JPG,258397,69dbc73f3e5527eedb44c4c9a77be92fa13a87f5a29c657cda8ae20f490ae900
diagnostic-artifacts/v0.3,v0.3.0-pcb2-development-diagnostic-1,23,06b04e2b3f1a10607df631ca9cb41a7fe046d8d2206e86d4794aa0e766c3f34b,pcb2/Data/Images/Normal/0123.JPG,253782,4c4ab1c59d3a0d9a4973c1ffe1635744f442897f51a75e2cfbc33817f07f0fb2
diagnostic-artifacts/v0.3,v0.3.0-pcb2-development-diagnostic-1,24,076149085b7f927fae129815f324d63b67a8c16588ed1662e31366df6594a16b,pcb2/Data/Images/Normal/0722.JPG,208300,6a70733df55b6c16f867cb483a25933620345344d6e8d5a702cb4dae5b7c7535
diagnostic-artifacts/v0.3,v0.3.0-pcb2-development-diagnostic-1,25,078ab1b3264c4cd519c84d19e34cf0374a0218cb8b1a668eb0b251e819539dfe,pcb2/Data/Images/Normal/0867.JPG,233745,a32707a4b34e94e8ceeac58cd31e22f54ff8e9968b3a7ff4a190ca9100d1f233
diagnostic-artifacts/v0.3,v0.3.0-pcb2-development-diagnostic-1,26,07e9a8bbf2ce8a69711b0e4079dbf2cc411000069bbc30d383d28250fd575ecb,pcb2/Data/Images/Normal/0929.JPG,268252,9fc1e7ff65aa1c91c98455a595b151b33bba809686a5068f7f984d2546bc1b39
diagnostic-artifacts/v0.3,v0.3.0-pcb2-development-diagnostic-1,27,07fced0088cd7fde214de719a2a0beba356f7186c8323d83659008449fef601f,pcb2/Data/Images/Normal/0090.JPG,254522,a93d14fe26aaeb8adc33d8b4847b8dbac8bc18f40ab31dc530e3f77f7f9c39d5
diagnostic-artifacts/v0.3,v0.3.0-pcb2-development-diagnostic-1,28,07ff25eb83e5ebc5f9a54248f1d1af4672a27ae70d7a83032e630a586b28b416,pcb2/Data/Images/Normal/0679.JPG,251104,b06b6cecacef6a43990bbeaaed6260627478b2b441b2effc4b7762449f6b5b6c
diagnostic-artifacts/v0.3,v0.3.0-pcb2-development-diagnostic-1,29,0805a38ba4134d63acbb8319aee1ab5fc73c432cd39214631d9d80e2db7c4261,pcb2/Data/Images/Normal/0334.JPG,254790,4171071a00e9a2bfd297863b8de22844f57a84ac4272ce5da02c40b9f9bff1eb
diagnostic-artifacts/v0.3,v0.3.0-pcb2-development-diagnostic-1,30,086404d8d8915bb848705a61f5beadd60a8af5db34301992432aa46ae2384fa1,pcb2/Data/Images/Normal/0492.JPG,245230,07d251c71f8a944a608751cd7b1c22d642d8a09915bd15d4ad1e731ee6f7e790
diagnostic-artifacts/v0.3,v0.3.0-pcb2-development-diagnostic-1,31,086456009267aa82f9bdaf9b9c5e4e6b8f1789b7f9fe114b480f2474aea7c968,pcb2/Data/Images/Normal/0167.JPG,263845,7f5b53b1e57dddd6258fa34df6cd79e46df7a02dcbe383b3e5f287f6f71603e1
diagnostic-artifacts/v0.3,v0.3.0-pcb2-development-diagnostic-1,32,0891df1df50af72598dadee612dde843b3ebb673531e58be549a517cea42a399,pcb2/Data/Images/Normal/0240.JPG,269566,6d21a5a097eaf54c26997a79ba17a30b800d90c47344d7515877bea9924b80ea
diagnostic-artifacts/v0.3,v0.3.0-pcb2-development-diagnostic-1,33,08be0f3308da73644d9ac7d53d8eea749f6f694ce322c23a47390092b7fdcaf7,pcb2/Data/Images/Normal/0392.JPG,247833,a23bb6fe9a6a903bb629082833a5b77cfda08caa7af47e55c7383ed3ff11d20e
diagnostic-artifacts/v0.3,v0.3.0-pcb2-development-diagnostic-1,34,093fb9a384c323b6b9ea1c033fd49fdae7c3bd5387235ebd72df96c9513058ea,pcb2/Data/Images/Normal/0128.JPG,250031,f9a441ae5bf3fe3da948ef31670e5aaffbb64dc1717eaed1f2e7b9173550fe33
diagnostic-artifacts/v0.3,v0.3.0-pcb2-development-diagnostic-1,35,09483b383022655aa9db37467b09de455ca8f978b2389af091d174c9be23c8c6,pcb2/Data/Images/Normal/0931.JPG,232848,1b99e73a031d22972ad98be088899fba7dc82845c571393f55f9c3a5a5d7bbc6
diagnostic-artifacts/v0.3,v0.3.0-pcb2-development-diagnostic-1,36,095908dba0e1c37be17ad9bdda5bba1f09b92e240e3290d3930bd071d81d290d,pcb2/Data/Images/Normal/0438.JPG,244969,af94f30394536d36f4701554f5e8de9814d3b2794907da08151a6c8502caffd5
diagnostic-artifacts/v0.3,v0.3.0-pcb2-development-diagnostic-1,37,096186c420743cfe216e5df6457203542e2f91c2eab76b5771252726ba8e4bd5,pcb2/Data/Images/Normal/0087.JPG,267295,159f6a9f34cfd81f19abed77637a7215bd31f6b97b4c9ea770e8e58f8e31d28d
diagnostic-artifacts/v0.3,v0.3.0-pcb2-development-diagnostic-1,38,0a2c8ccb8ac57107df21fb68b025fd7de08299ece6e507152d07252c3140c905,pcb2/Data/Images/Normal/0288.JPG,235748,bbb915ce5aa6bcf76ba41675032580a6930cd7034149cc18b51f179f25611766
diagnostic-artifacts/v0.3,v0.3.0-pcb2-development-diagnostic-1,39,0a81b26391233b648f827606c72a3a6ba9adc6909a3a2624ff339898cf756ca2,pcb2/Data/Images/Normal/0182.JPG,257923,51c897657693c125706ae1479136eee409d1b96f250c4796cbdc4672583935d0
diagnostic-artifacts/v0.3,v0.3.0-pcb2-development-diagnostic-1,40,0ac9eb209e169e829fd1684e8bdefc2d89e28d02a93f343f94eec9fafbc0aba1,pcb2/Data/Images/Normal/0318.JPG,250805,1547601749f5ed937972297999b3819c3de5da096085afdc644d1e7fde66a109
diagnostic-artifacts/v0.3,v0.3.0-pcb2-development-diagnostic-1,41,0b17d95d1b2906046814001639f2add920cb29db0a85797991a3f4e13207a650,pcb2/Data/Images/Normal/0141.JPG,264639,7a7301a60f0f347307026f5ce799848989a963ba1beed4d8da2a713d45ae4847
diagnostic-artifacts/v0.3,v0.3.0-pcb2-development-diagnostic-1,42,0b90bd3d80fc42c7bf58d4abb5a9318078493e78bc2e8373773280ce64740006,pcb2/Data/Images/Normal/0037.JPG,254876,c4f7d22c09e652fcf1c78095c9018b2303ab97bfe94aa5a1c8261beaa36af1bd
diagnostic-artifacts/v0.3,v0.3.0-pcb2-development-diagnostic-1,43,0bd6d52058e663c020153a8ce431551f348297c8cee2d8f41854a789398ea76b,pcb2/Data/Images/Normal/0177.JPG,258694,27dc6750b60e97ba8b54162e259ef9d1f7e45ed4bf7212193a9980f7519ed93b
diagnostic-artifacts/v0.3,v0.3.0-pcb2-development-diagnostic-1,44,0c38cc867218c82a4470bf710a97780985cfc3db6e890fe35b3cf005ac8afb6b,pcb2/Data/Images/Normal/0258.JPG,229342,22dab6cfa31738421bab58e61fcb8ad9356dbb0bf5136f6f7ee5141b71f19cdd
diagnostic-artifacts/v0.3,v0.3.0-pcb2-development-diagnostic-1,45,0c50b0302e76643255cbb321284e254d29311ac39348a71ac76199605774a0cd,pcb2/Data/Images/Normal/0870.JPG,273380,6f318124aad62c9983a0066adbdf31618dda3b6a8edfef64825cfdf1d81cd176
diagnostic-artifacts/v0.3,v0.3.0-pcb2-development-diagnostic-1,46,0c8e403445cc8d1a8cbf590b2cedc80475429ed4957b22415186c612279d666a,pcb2/Data/Images/Normal/0601.JPG,205642,3c921696be67bf05284352160633665895b412b3fdb1aadeaa438ff97ec41444
diagnostic-artifacts/v0.3,v0.3.0-pcb2-development-diagnostic-1,47,0ce1a08346fcab53ebd616c10a840a352bb67e7e6b1bcf738274a2c8b568c35f,pcb2/Data/Images/Normal/0752.JPG,245319,db86126ed2c77cf41baad442a306541cccb12a9752e863d286911156d4f0eb2b
diagnostic-artifacts/v0.3,v0.3.0-pcb2-development-diagnostic-1,48,0d23162cb7cdfce9606301baac28ff8a822fdcdfed30e9136d10d45f4cfe9e52,pcb2/Data/Images/Normal/0433.JPG,224923,db7b97138aafcd55e3c356697e921a7cc8cdc72036857f1565445e44b7b8b195
diagnostic-artifacts/v0.3,v0.3.0-pcb2-development-diagnostic-1,49,0d6c1da019d94dadd6f6e1d891c0061273eacb7df2c8efad52f3551d796bfdd1,pcb2/Data/Images/Normal/0672.JPG,260099,1415ac2b6045b85f2bd10ac30201515cc9ad688cfa673b31fb5ee79f2abce9e1
diagnostic-artifacts/v0.3,v0.3.0-pcb2-development-diagnostic-1,50,0d9b00c9494699c07fab74aef90666c029ddbfe82502e9ac580064f8e7825364,pcb2/Data/Images/Normal/0079.JPG,254920,9acbb0a9ed9faa08ff52030a7abb99c4f9e3d8b29ebd9299834f5ab06404d7ef
diagnostic-artifacts/v0.3,v0.3.0-pcb2-development-diagnostic-1,51,0e0e9dd9045e7330cb992de3609220372f1f9d29e81eb34671ffaab2f0f4d56a,pcb2/Data/Images/Normal/0710.JPG,261804,c45e7ae09a9c2e8ac6f0b7ca73b43294c2b9db6c74de659a297996e0f023d189
diagnostic-artifacts/v0.3,v0.3.0-pcb2-development-diagnostic-1,52,0e420b3d2bf53cdc9bdcb878eef016a488906c35a2f8ba43fc69c671bbaee30a,pcb2/Data/Images/Normal/0163.JPG,254249,fd8c519e378ea9f569980a6de1fa4d9f30b8e6e8187478bfb9e263ef6509205b
diagnostic-artifacts/v0.3,v0.3.0-pcb2-development-diagnostic-1,53,0e513bc28bcb0cf80ced67892de7e50f5983f065eea68a9d49dc42853c8ce5e4,pcb2/Data/Images/Normal/0262.JPG,251021,5cfb0163f2df33c05ad7c5f45a742427f6547208121da6f495e256df18b2b751
diagnostic-artifacts/v0.3,v0.3.0-pcb2-development-diagnostic-1,54,0f1e3eaf3d3381b2b6bc2a782b273d3992ecf4b547250bbef0221dea376add66,pcb2/Data/Images/Normal/0259.JPG,237396,0d3bb9be86246e8ebae1d7eb9a0754751e9ee36d9f1a4c805369c1403cf580ac
diagnostic-artifacts/v0.3,v0.3.0-pcb2-development-diagnostic-1,55,0f51b1fbc0dadd359816655db3131dfeb002940e0a28c3b06b8c3f085e2d677e,pcb2/Data/Images/Normal/0509.JPG,223413,9816d5b9e53a1489f87e28915a5d7719eebad467e6b15d7c97b0f269784ed70b
diagnostic-artifacts/v0.3,v0.3.0-pcb2-development-diagnostic-1,56,0ffcc2713134ffba06b7f2e1eb3b02b590a6f73c5d505c876869e58326323f34,pcb2/Data/Images/Normal/0816.JPG,277916,94e1ce67dbc6f3c8c4d17ac3b183bf9325436e9a21537a2db0291f8f3b582071
diagnostic-artifacts/v0.3,v0.3.0-pcb2-development-diagnostic-1,57,1013c661f78f5f2ff7518c1f6c28c88f4c61b71817a45238ce72ebab160b8bbc,pcb2/Data/Images/Normal/0556.JPG,246991,c24f2e1a211a3545a88a73387d2f0968b841530afe069e79d4c93497d143074a
diagnostic-artifacts/v0.3,v0.3.0-pcb2-development-diagnostic-1,58,1041388f8b63f22abdad6a5acc2724f1cad47da46bc86ef2f5757ffd2186ec29,pcb2/Data/Images/Normal/0009.JPG,253082,f95ac4aca3a1136ec90d588ed390feb7a92cb2b10cca92a1363ce54c094a0039
diagnostic-artifacts/v0.3,v0.3.0-pcb2-development-diagnostic-1,59,10aaf1a18dc1b864f6b8bc9d0be9b005f8cb3a9e57aa1a1f316cad9b618d51b5,pcb2/Data/Images/Normal/0541.JPG,241321,e7152e2e11bb5b68bdeaef5472d0dfba5cf4a8c19924a90a0b8a849c630223ba
diagnostic-artifacts/v0.3,v0.3.0-pcb2-development-diagnostic-1,60,10d1931272017d1bc9e72794f7fe50a532b63b355527e44d2c1be5f8d28e984a,pcb2/Data/Images/Normal/0770.JPG,221851,f1136656a90609580ec23b83a107446fed396b9b1e6e5e6c8ca7e28d339687b5
