contract_version,diagnostic_id,method,case_type,rank,asset_id,review_status,framing_or_crop_difference_visible,pose_or_registration_offset_visible,global_exposure_difference_visible,blur_visible,localized_change_visible,diffuse_change_visible,no_obvious_visible_change,visible_observation,inferred_cause
diagnostic-artifacts/v0.3,v0.3.0-pcb2-development-diagnostic-1,ecc_residual,false_positive,1,asset-000141,reviewed,uncertain,uncertain,uncertain,uncertain,uncertain,uncertain,uncertain,"The entire board and four upright pins are visible. Fine lettering is somewhat soft, while component outlines remain distinguishable. Faint pale vertical streaks appear below the left chip and around lower solder areas.",
diagnostic-artifacts/v0.3,v0.3.0-pcb2-development-diagnostic-1,ecc_residual,false_positive,2,asset-000090,reviewed,uncertain,uncertain,uncertain,yes,uncertain,uncertain,no,"Edges and printed markings appear soft with vertical smearing across the board and background. Pale patches are visible near lower solder joints, with a small light fleck below the left chip.",
diagnostic-artifacts/v0.3,v0.3.0-pcb2-development-diagnostic-1,ecc_residual,false_positive,3,asset-000169,reviewed,uncertain,uncertain,uncertain,yes,uncertain,uncertain,no,"Fine lettering, component edges, and background texture appear softened with slight vertical smearing. Pale cloudy areas surround the lower central and lower-right solder joints. The full board is visible.",
diagnostic-artifacts/v0.3,v0.3.0-pcb2-development-diagnostic-1,ecc_residual,false_positive,4,asset-000046,reviewed,uncertain,uncertain,uncertain,no,no,no,yes,"A complete blue board with three chips, two columns of small components, and four projecting pins is visible. Component outlines and lettering are discernible, with faint pale smudges around some solder areas.",
diagnostic-artifacts/v0.3,v0.3.0-pcb2-development-diagnostic-1,ecc_residual,false_negative,1,asset-000095,reviewed,uncertain,uncertain,uncertain,no,yes,no,no,"The two left connector pins appear thin and angled toward the upper left, with shorter visible vertical extent. The two right pins are long and nearly vertical. The complete board remains in frame.",
diagnostic-artifacts/v0.3,v0.3.0-pcb2-development-diagnostic-1,ecc_residual,false_negative,2,asset-000117,reviewed,uncertain,uncertain,uncertain,no,yes,uncertain,no,"The leftmost connector pin angles left and has less vertical extent than the other three nearly upright pins. A small brown fleck lies near the lower center, with pale patches around several solder joints.",
diagnostic-artifacts/v0.3,v0.3.0-pcb2-development-diagnostic-1,ecc_residual,false_negative,3,asset-000027,reviewed,uncertain,uncertain,uncertain,no,yes,no,no,"Several thin, bright diagonal curved streaks cross the blue board and dark traces above the right chip. The board perimeter and all four connector pins are visible.",
diagnostic-artifacts/v0.3,v0.3.0-pcb2-development-diagnostic-1,ecc_residual,false_negative,4,asset-000112,reviewed,uncertain,uncertain,uncertain,no,yes,no,no,"A prominent white rounded fragment with dark material around it lies just right of the middle chip, overlapping two small components in the right column. Fine light strands and flecks are visible on the board.",
diagnostic-artifacts/v0.3,v0.3.0-pcb2-development-diagnostic-1,ecc_residual,false_negative,5,asset-000087,reviewed,uncertain,uncertain,uncertain,no,yes,no,no,"A white tapered fragment extends downward from the left of the two lower central solder joints, reaching the board edge. Brown and dark glossy material surrounds its upper end.",
diagnostic-artifacts/v0.3,v0.3.0-pcb2-development-diagnostic-1,patch_hog_ocsvm,false_positive,1,asset-000062,reviewed,uncertain,uncertain,uncertain,no,uncertain,uncertain,uncertain,The full blue board and four pins are visible. Cloudy pale patches surround several large solder joints and the area beside the right chip; tiny light flecks occur along the lower board.,
diagnostic-artifacts/v0.3,v0.3.0-pcb2-development-diagnostic-1,patch_hog_ocsvm,false_positive,2,asset-000171,reviewed,uncertain,uncertain,uncertain,no,uncertain,no,uncertain,The full board and four nearly upright pins are visible with discernible lettering and component edges. Small pale patches and flecks surround the lower-left and lower-central solder areas.,
diagnostic-artifacts/v0.3,v0.3.0-pcb2-development-diagnostic-1,patch_hog_ocsvm,false_positive,3,asset-000172,reviewed,uncertain,uncertain,uncertain,no,uncertain,yes,no,"Cloudy pale patches are visible at several solder areas and along the lower board. Bright flecks cluster near the upper-left solder joint, and fine pale strands extend below the middle chip.",
diagnostic-artifacts/v0.3,v0.3.0-pcb2-development-diagnostic-1,patch_hog_ocsvm,false_positive,4,asset-000106,reviewed,uncertain,uncertain,uncertain,no,uncertain,uncertain,uncertain,"The full board is visible with clear component outlines. Faint pale streaks occur around lower solder joints, a small white fleck lies below the middle chip, and a thin strand extends beside the right edge.",
diagnostic-artifacts/v0.3,v0.3.0-pcb2-development-diagnostic-1,patch_hog_ocsvm,false_positive,5,asset-000143,reviewed,uncertain,uncertain,uncertain,yes,uncertain,yes,no,"The image has soft edges and vertical smearing in text, pins, and background texture. Broad pale cloudy patches cover parts of the lower board, especially beneath the right chip and near the central solder joints.",
diagnostic-artifacts/v0.3,v0.3.0-pcb2-development-diagnostic-1,patch_hog_ocsvm,false_negative,1,asset-000044,reviewed,uncertain,uncertain,uncertain,no,yes,no,no,An elongated yellow-white fragment and dark glossy material span several small components to the left of the middle chip. Small flecks and pale surface marks are visible nearby.,
diagnostic-artifacts/v0.3,v0.3.0-pcb2-development-diagnostic-1,patch_hog_ocsvm,false_negative,2,asset-000155,reviewed,uncertain,uncertain,uncertain,no,yes,no,no,A large white tapered fragment with dark material at its upper end sits beside the left lower-central solder joint and reaches the bottom edge. Small pale flecks are scattered across the board.,
diagnostic-artifacts/v0.3,v0.3.0-pcb2-development-diagnostic-1,patch_hog_ocsvm,false_negative,3,asset-000102,reviewed,uncertain,uncertain,uncertain,no,yes,uncertain,no,"A large irregular silver-white and dark glossy patch covers the area above the right chip, overlapping printed labels and the nearby small-component column. Fine pale marks also cross portions of the lower board.",
diagnostic-artifacts/v0.3,v0.3.0-pcb2-development-diagnostic-1,patch_hog_ocsvm,false_negative,4,asset-000111,reviewed,uncertain,uncertain,uncertain,no,yes,uncertain,no,Irregular bright white material covers the left end of the middle chip and extends onto the adjacent board below it. Additional bright flecks lie near the small-component columns and lower solder joints.,
diagnostic-artifacts/v0.3,v0.3.0-pcb2-development-diagnostic-1,patch_hog_ocsvm,false_negative,5,asset-000003,reviewed,uncertain,uncertain,uncertain,no,yes,no,no,The full blue circuit board is visible. Brown glossy material and a bright white streak cover part of the left chip and nearby pins; fine background texture and component markings are discernible.,
diagnostic-artifacts/v0.3,v0.3.0-pcb2-development-diagnostic-1,dinov2_vits14_224_nn,false_positive,1,asset-000078,reviewed,uncertain,uncertain,uncertain,no,yes,uncertain,no,A small dark curved shape lies on the background just right of the board. Pale streaks and flecks are visible around lower solder joints and traces. The full board and connector pins are in frame.,
diagnostic-artifacts/v0.3,v0.3.0-pcb2-development-diagnostic-1,dinov2_vits14_224_nn,false_positive,2,asset-000093,reviewed,uncertain,uncertain,uncertain,no,yes,uncertain,no,A dark hook-shaped patch is visible on the background to the right of the board. Faint cloudy patches and tiny pale flecks occur around the lower solder joints; component edges remain discernible.,
diagnostic-artifacts/v0.3,v0.3.0-pcb2-development-diagnostic-1,dinov2_vits14_224_nn,false_positive,3,asset-000055,reviewed,uncertain,uncertain,uncertain,no,uncertain,uncertain,uncertain,"The complete board is visible with discernible component edges. Faint cloudy patches surround lower solder joints, fine pale strands appear near the lower center, and some chip lettering is low contrast.",
diagnostic-artifacts/v0.3,v0.3.0-pcb2-development-diagnostic-1,dinov2_vits14_224_nn,false_positive,4,asset-000047,reviewed,uncertain,uncertain,uncertain,no,uncertain,yes,no,"Pale mottled and streaky patches extend across the lower half of the blue board, particularly below the left chip and along the lower edge. The board is slightly tilted, with the right edge higher.",
diagnostic-artifacts/v0.3,v0.3.0-pcb2-development-diagnostic-1,dinov2_vits14_224_nn,false_positive,5,asset-000104,reviewed,uncertain,uncertain,uncertain,no,yes,uncertain,no,An irregular bright whitish patch surrounds and extends below the large lower-right solder joint across adjacent traces. Smaller pale patches appear near the upper-left solder area. The board slopes slightly downward to the right.,
diagnostic-artifacts/v0.3,v0.3.0-pcb2-development-diagnostic-1,dinov2_vits14_224_nn,false_negative,1,asset-000112,reviewed,uncertain,uncertain,uncertain,no,yes,no,no,"A prominent white rounded fragment with dark material around it lies just right of the middle chip, overlapping two small components in the right column. Fine light strands and flecks are visible on the board.",
diagnostic-artifacts/v0.3,v0.3.0-pcb2-development-diagnostic-1,dinov2_vits14_224_nn,false_negative,2,asset-000151,reviewed,uncertain,uncertain,uncertain,yes,yes,uncertain,no,White and tan material covers the base of the rightmost connector pin and nearby border. Bright irregular streaks run along the lower-right board. Component text and fine edges appear soft throughout the image.,
diagnostic-artifacts/v0.3,v0.3.0-pcb2-development-diagnostic-1,dinov2_vits14_224_nn,false_negative,3,asset-000156,reviewed,uncertain,uncertain,uncertain,no,yes,uncertain,no,Bright irregular material and thin angled strands surround the leftmost connector pin base. Numerous small pale flecks and fine curved strands are visible across the lower-left and lower-central board.,
diagnostic-artifacts/v0.3,v0.3.0-pcb2-development-diagnostic-1,dinov2_vits14_224_nn,false_negative,4,asset-000174,reviewed,uncertain,uncertain,uncertain,no,yes,uncertain,no,"At C2, two metallic patches are separated by a dark central gap. At C5, a dark patch lies beside a small orange-white patch. Fine pale flecks and cloudy areas are visible around the lower solder joints.",
diagnostic-artifacts/v0.3,v0.3.0-pcb2-development-diagnostic-1,dinov2_vits14_224_nn,false_negative,5,asset-000168,reviewed,uncertain,uncertain,uncertain,no,yes,uncertain,no,White-yellow material extends vertically over several components in the right column. Amber glossy material is visible among the upper pins of the middle chip. Thin pale strands cross portions of the board.,
