contract_version,diagnostic_id,method,case_type,rank,asset_id,parent_failure_sha256
diagnostic-artifacts/v0.3,v0.3.0-pcb2-development-diagnostic-1,ecc_residual,false_positive,1,asset-000141,1bd73cf3b0050b3eff934467625ba118d662e442ceaa5829f8a47344b4f390e8
diagnostic-artifacts/v0.3,v0.3.0-pcb2-development-diagnostic-1,ecc_residual,false_positive,2,asset-000090,1bd73cf3b0050b3eff934467625ba118d662e442ceaa5829f8a47344b4f390e8
diagnostic-artifacts/v0.3,v0.3.0-pcb2-development-diagnostic-1,ecc_residual,false_positive,3,asset-000169,1bd73cf3b0050b3eff934467625ba118d662e442ceaa5829f8a47344b4f390e8
diagnostic-artifacts/v0.3,v0.3.0-pcb2-development-diagnostic-1,ecc_residual,false_positive,4,asset-000046,1bd73cf3b0050b3eff934467625ba118d662e442ceaa5829f8a47344b4f390e8
diagnostic-artifacts/v0.3,v0.3.0-pcb2-development-diagnostic-1,ecc_residual,false_negative,1,asset-000095,1bd73cf3b0050b3eff934467625ba118d662e442ceaa5829f8a47344b4f390e8
diagnostic-artifacts/v0.3,v0.3.0-pcb2-development-diagnostic-1,ecc_residual,false_negative,2,asset-000117,1bd73cf3b0050b3eff934467625ba118d662e442ceaa5829f8a47344b4f390e8
diagnostic-artifacts/v0.3,v0.3.0-pcb2-development-diagnostic-1,ecc_residual,false_negative,3,asset-000027,1bd73cf3b0050b3eff934467625ba118d662e442ceaa5829f8a47344b4f390e8
diagnostic-artifacts/v0.3,v0.3.0-pcb2-development-diagnostic-1,ecc_residual,false_negative,4,asset-000112,1bd73cf3b0050b3eff934467625ba118d662e442ceaa5829f8a47344b4f390e8
diagnostic-artifacts/v0.3,v0.3.0-pcb2-development-diagnostic-1,ecc_residual,false_negative,5,asset-000087,1bd73cf3b0050b3eff934467625ba118d662e442ceaa5829f8a47344b4f390e8
diagnostic-artifacts/v0.3,v0.3.0-pcb2-development-diagnostic-1,patch_hog_ocsvm,false_positive,1,asset-000062,7edde3c32fd23e9d53db0c665595bb3c6789a1ce52bf039810b9d7646d3387ff
diagnostic-artifacts/v0.3,v0.3.0-pcb2-development-diagnostic-1,patch_hog_ocsvm,false_positive,2,asset-000171,7edde3c32fd23e9d53db0c665595bb3c6789a1ce52bf039810b9d7646d3387ff
diagnostic-artifacts/v0.3,v0.3.0-pcb2-development-diagnostic-1,patch_hog_ocsvm,false_positive,3,asset-000172,7edde3c32fd23e9d53db0c665595bb3c6789a1ce52bf039810b9d7646d3387ff
diagnostic-artifacts/v0.3,v0.3.0-pcb2-development-diagnostic-1,patch_hog_ocsvm,false_positive,4,asset-000106,7edde3c32fd23e9d53db0c665595bb3c6789a1ce52bf039810b9d7646d3387ff
diagnostic-artifacts/v0.3,v0.3.0-pcb2-development-diagnostic-1,patch_hog_ocsvm,false_positive,5,asset-000143,7edde3c32fd23e9d53db0c665595bb3c6789a1ce52bf039810b9d7646d3387ff
diagnostic-artifacts/v0.3,v0.3.0-pcb2-development-diagnostic-1,patch_hog_ocsvm,false_negative,1,asset-000044,7edde3c32fd23e9d53db0c665595bb3c6789a1ce52bf039810b9d7646d3387ff
diagnostic-artifacts/v0.3,v0.3.0-pcb2-development-diagnostic-1,patch_hog_ocsvm,false_negative,2,asset-000155,7edde3c32fd23e9d53db0c665595bb3c6789a1ce52bf039810b9d7646d3387ff
diagnostic-artifacts/v0.3,v0.3.0-pcb2-development-diagnostic-1,patch_hog_ocsvm,false_negative,3,asset-000102,7edde3c32fd23e9d53db0c665595bb3c6789a1ce52bf039810b9d7646d3387ff
diagnostic-artifacts/v0.3,v0.3.0-pcb2-development-diagnostic-1,patch_hog_ocsvm,false_negative,4,asset-000111,7edde3c32fd23e9d53db0c665595bb3c6789a1ce52bf039810b9d7646d3387ff
diagnostic-artifacts/v0.3,v0.3.0-pcb2-development-diagnostic-1,patch_hog_ocsvm,false_negative,5,asset-000003,7edde3c32fd23e9d53db0c665595bb3c6789a1ce52bf039810b9d7646d3387ff
diagnostic-artifacts/v0.3,v0.3.0-pcb2-development-diagnostic-1,dinov2_vits14_224_nn,false_positive,1,asset-000078,ad8f05152f936b8b9da5a6d94f2f8dc9eab43035373836f949dbb3a7887c22e9
diagnostic-artifacts/v0.3,v0.3.0-pcb2-development-diagnostic-1,dinov2_vits14_224_nn,false_positive,2,asset-000093,ad8f05152f936b8b9da5a6d94f2f8dc9eab43035373836f949dbb3a7887c22e9
diagnostic-artifacts/v0.3,v0.3.0-pcb2-development-diagnostic-1,dinov2_vits14_224_nn,false_positive,3,asset-000055,ad8f05152f936b8b9da5a6d94f2f8dc9eab43035373836f949dbb3a7887c22e9
diagnostic-artifacts/v0.3,v0.3.0-pcb2-development-diagnostic-1,dinov2_vits14_224_nn,false_positive,4,asset-000047,ad8f05152f936b8b9da5a6d94f2f8dc9eab43035373836f949dbb3a7887c22e9
diagnostic-artifacts/v0.3,v0.3.0-pcb2-development-diagnostic-1,dinov2_vits14_224_nn,false_positive,5,asset-000104,ad8f05152f936b8b9da5a6d94f2f8dc9eab43035373836f949dbb3a7887c22e9
diagnostic-artifacts/v0.3,v0.3.0-pcb2-development-diagnostic-1,dinov2_vits14_224_nn,false_negative,1,asset-000112,ad8f05152f936b8b9da5a6d94f2f8dc9eab43035373836f949dbb3a7887c22e9
diagnostic-artifacts/v0.3,v0.3.0-pcb2-development-diagnostic-1,dinov2_vits14_224_nn,false_negative,2,asset-000151,ad8f05152f936b8b9da5a6d94f2f8dc9eab43035373836f949dbb3a7887c22e9
diagnostic-artifacts/v0.3,v0.3.0-pcb2-development-diagnostic-1,dinov2_vits14_224_nn,false_negative,3,asset-000156,ad8f05152f936b8b9da5a6d94f2f8dc9eab43035373836f949dbb3a7887c22e9
diagnostic-artifacts/v0.3,v0.3.0-pcb2-development-diagnostic-1,dinov2_vits14_224_nn,false_negative,4,asset-000174,ad8f05152f936b8b9da5a6d94f2f8dc9eab43035373836f949dbb3a7887c22e9
diagnostic-artifacts/v0.3,v0.3.0-pcb2-development-diagnostic-1,dinov2_vits14_224_nn,false_negative,5,asset-000168,ad8f05152f936b8b9da5a6d94f2f8dc9eab43035373836f949dbb3a7887c22e9
