contract_version,diagnostic_id,asset_id,byte_count,sha256
diagnostic-artifacts/v0.3,v0.3.0-pcb2-development-diagnostic-1,asset-000003,280261,4e39e6046d6bf1aade782ad64342e8972a9a9d4bc1a160b4c7ac7f1ff0164d47
diagnostic-artifacts/v0.3,v0.3.0-pcb2-development-diagnostic-1,asset-000027,239937,af559fb03dd80ed1484589d3b2144490c2a4b6abd8200202afbebf9a86db9dd1
diagnostic-artifacts/v0.3,v0.3.0-pcb2-development-diagnostic-1,asset-000044,279133,f22b6f511b0c003050e209f583a2273bff5308cad56f979c453b0421d31a7b3a
diagnostic-artifacts/v0.3,v0.3.0-pcb2-development-diagnostic-1,asset-000046,253555,54c2085f4c608bd74ff492c3d249e28662370a2a7cb8513942e89eb52d8dfa77
diagnostic-artifacts/v0.3,v0.3.0-pcb2-development-diagnostic-1,asset-000047,266169,a3dfa1c2089a139dd6bb691cf3d8085ea6aa471db0857764176b76bb03a2d4d7
diagnostic-artifacts/v0.3,v0.3.0-pcb2-development-diagnostic-1,asset-000055,242347,2e6cdf6b5e0eb1e16e635d1531e6e01e904ab7fead61c6203a5f5ff22551518d
diagnostic-artifacts/v0.3,v0.3.0-pcb2-development-diagnostic-1,asset-000062,270182,770182b3497e3dcf610a1a32bc1e63d32af91384a6e29cde07e5b7236c054714
diagnostic-artifacts/v0.3,v0.3.0-pcb2-development-diagnostic-1,asset-000078,255379,d2e925aba355079bbb108322e64efcb9db5f68bca3d0763d3b1b2fd95706fbe6
diagnostic-artifacts/v0.3,v0.3.0-pcb2-development-diagnostic-1,asset-000087,267690,1eea67f5451ac604fdc0aebc34d8f54889d3101e02234673c6dbf71a94632ff7
diagnostic-artifacts/v0.3,v0.3.0-pcb2-development-diagnostic-1,asset-000090,204841,d2c73f55ab3523ab1385b35ec9631f9e3fa9d1d34a832eea21da11fc4c0a0128
diagnostic-artifacts/v0.3,v0.3.0-pcb2-development-diagnostic-1,asset-000093,251454,72c6b7df4d2db7621d2f9f6076f7ce9a0f66a7a785b8eb18e908dece6c53d6f1
diagnostic-artifacts/v0.3,v0.3.0-pcb2-development-diagnostic-1,asset-000095,266271,bb30a33d3516f0207e49de98cbdcc4d1834226b6571859bb26147bd40db62b3f
diagnostic-artifacts/v0.3,v0.3.0-pcb2-development-diagnostic-1,asset-000102,287600,9a825497685ae9ba789025a608d4655eac6d9e600fb5309f66f7b50347667050
diagnostic-artifacts/v0.3,v0.3.0-pcb2-development-diagnostic-1,asset-000104,248283,d258d60936443d62745e0c208a78ada21227df6b1405bda0967e105b045c4720
diagnostic-artifacts/v0.3,v0.3.0-pcb2-development-diagnostic-1,asset-000106,262039,e147fb6bc898b1e23f97b34b7d78bf7f19a29aefb2b40003776fea187fdef9ec
diagnostic-artifacts/v0.3,v0.3.0-pcb2-development-diagnostic-1,asset-000111,274155,4b88878b966b6af393d8bb3dbc7b024c4f1fb66a5fe4d89b7cdff030fc5bc009
diagnostic-artifacts/v0.3,v0.3.0-pcb2-development-diagnostic-1,asset-000112,276227,5cb140a8c46130884409af9affb48251363de486201a6367327d1ac79f63d122
diagnostic-artifacts/v0.3,v0.3.0-pcb2-development-diagnostic-1,asset-000117,251194,7ee5d8e7d7496860aa60447f3e779003f4bd852a9f2a1f35b9ed49103a7ef708
diagnostic-artifacts/v0.3,v0.3.0-pcb2-development-diagnostic-1,asset-000141,241724,f4c16cfd235edb37ebb7b5665e532dbc649f046cce2540c403042de656ab7a89
diagnostic-artifacts/v0.3,v0.3.0-pcb2-development-diagnostic-1,asset-000143,208324,7bc4a46873d61d53eb1a0fcf16e22854e48cd7bc6957df6662fc497156703666
diagnostic-artifacts/v0.3,v0.3.0-pcb2-development-diagnostic-1,asset-000151,238494,da05b9a66e8d70f0f1d8a78adf2d1754df97ce3433612a4e790723caa6a73179
diagnostic-artifacts/v0.3,v0.3.0-pcb2-development-diagnostic-1,asset-000155,274413,0370fe246032412bbac29a9f40b5b52b1657b554601e00f7fb5533ddc9a38e83
diagnostic-artifacts/v0.3,v0.3.0-pcb2-development-diagnostic-1,asset-000156,267703,aa2fc7ede268c5c1b678ebcabe5be6e5e4279874a7849e906cb810670b7a2d80
diagnostic-artifacts/v0.3,v0.3.0-pcb2-development-diagnostic-1,asset-000168,272983,29c91f17343b06daeffa1d62e771c85d5b442fd134a7d20ecf134bc7cc625c68
diagnostic-artifacts/v0.3,v0.3.0-pcb2-development-diagnostic-1,asset-000169,217359,e427ab53ab40eec3c3ab4f659bb9e819b56d9dc54f0d8e5c3e7ef4ff95c98e90
diagnostic-artifacts/v0.3,v0.3.0-pcb2-development-diagnostic-1,asset-000171,254534,7d44a00d7bac321f9a451cf11d686ea8c51d090d1db9bf0e0cac412455c4a72d
diagnostic-artifacts/v0.3,v0.3.0-pcb2-development-diagnostic-1,asset-000172,266369,2f93b51a7065d84fac39d3939b57241f436fa4139e2067352c643709034a2282
diagnostic-artifacts/v0.3,v0.3.0-pcb2-development-diagnostic-1,asset-000174,260272,35d6f7af17b204eeebe6337e73e33483165e89431960a0fa3ac71bdab215ed3d
